0,1,2,3,4
0.20601885336771275,2.9349552243947983,0.0,6.622738308376736e-09,90.0
0.17485146540537144,2.8247031569480896,0.0,7.947285970052083e-09,15.0
3.8029564883856892e-06,3.2224021553993225,0.0,0.0015174110730489096,15.0
0.08412163275614049,0.10487054288387299,0.0,0.01568604465983357,15.0
0.1354296686066654,3.4583671540021896,0.0,1.0331471761067709e-07,15.0
0.20601885336771275,2.9349552243947983,0.0,6.622738308376736e-09,90.0
0.2207834007157352,2.242463394999504,0.0,2.5033950805664064e-07,15.0
0.08412163275614049,0.10487054288387299,0.0,0.01568604465983357,15.0
0.00026671904459263374,2.886760339140892,0.0,0.0027281145254770913,60.0
0.17289756554498936,0.23676329851150513,0.0,0.01080222008954508,30.0
0.020968067826178327,1.0594277381896973,0.0,0.005737903498918046,30.0
0.1562602998627689,0.32062484323978424,0.0,0.010247644566804399,30.0
0.2170704485787418,1.657869666814804,0.0,1.9205941094292535e-07,45.0
0.14313762205972935,1.4352756887674332,0.0,7.251898447672526e-07,60.0
0.004312741936590925,2.3554362803697586,0.0,0.004007555378807916,45.0
0.1728560807122257,2.4126287549734116,0.0,3.516674041748047e-07,30.0
0.020968067826178327,1.0594277381896973,0.0,0.005737903498918046,30.0
0.18085639494791295,0.7351982444524765,0.0,1.241763432820638e-05,15.0
0.030520248593237653,0.3176046907901764,0.0,0.012112619048973379,15.0
0.12040411251917149,0.42965398728847504,0.0,0.003387272357940674,15.0
0.10535894650354649,0.43256039917469025,0.0,0.002130524317423503,15.0
0.046968686760809675,0.29010894894599915,0.0,0.01320918159347818,15.0
0.1911169769181278,0.6771664768457413,0.0,1.25885009765625e-05,15.0
0.03181366938486363,0.31265491247177124,0.0,0.012198847101748445,15.0
0.17790614384546544,1.1867102682590485,0.0,4.132588704427083e-06,15.0
0.04813139456644322,0.2022021859884262,0.0,0.013286695447187084,15.0
0.17750387209787633,1.377254232764244,0.0,3.178914388020833e-07,15.0
0.05881612318887974,0.16797740757465363,0.0,0.013999010688682851,15.0
0.19109891671076085,0.677412822842598,0.0,1.092354456583659e-05,15.0
0.18095086830988194,0.7347036600112915,0.0,6.1194101969401044e-06,15.0
0.06625853794946934,0.153522789478302,0.0,0.014495171672722159,15.0
0.13538478630914952,3.302556201815605,0.0,2.662340799967448e-07,15.0
0.05881612318887974,0.16797740757465363,0.0,0.013999010688682851,15.0
0.12589149493112828,1.5065634101629257,0.0,5.507469177246094e-06,60.0
0.0704717518700626,0.13702203333377838,0.0,0.014776052600761709,15.0
0.135458696068671,3.1561564803123474,0.0,3.0994415283203126e-07,15.0
0.1493691684617069,0.3212691694498062,0.0,0.005314358075459798,15.0
0.07844899910822178,0.11799004673957825,0.0,0.015307869083305654,15.0
6.629210576747369e-05,3.046111077070236,0.0,0.00152204434076945,15.0
0.08230345267191197,0.1058521568775177,0.0,0.015564832654218335,15.0
0.006837058247473493,2.2101878076791763,0.0,0.00046472549438476564,15.0
0.1623105289353397,0.2780863046646118,0.0,0.010449318869223425,30.0
0.14232026356592442,1.4416854977607727,0.0,1.434783140818278e-05,60.0
0.135458696068671,3.1561564803123474,0.0,3.0994415283203126e-07,15.0
0.1623105289353397,0.2780863046646118,0.0,0.010449318869223425,30.0
0.08578484076395299,0.4792574495077133,0.0,0.0005187590916951498,15.0
0.1552888037575748,0.32733452320098877,0.0,0.004866548379262288,15.0
0.03242127913370396,2.128450185060501,0.0,0.00011755625406901042,15.0
0.16656862515344883,0.26320594549179077,0.0,0.010591255409827062,30.0
0.0941916586770084,0.448744535446167,0.0,0.0011117060979207356,15.0
0.09107964056864049,0.4538223445415497,0.0,0.000904238224029541,15.0
0.06625853794946934,0.153522789478302,0.0,0.014495171672722159,15.0
0.0704717518700626,0.13702203333377838,0.0,0.014776052600761709,15.0
0.0015972735299136787,1.1368325352668762,0.0,0.005092210355709224,30.0
0.09988944548502232,1.9113541096448898,0.0,4.450480143229167e-07,15.0
0.13543008583917882,3.402491509914398,0.0,7.549921671549479e-08,15.0
0.014946985424902692,1.1498878598213196,0.0,0.004217708110809326,15.0
0.2170704485787418,1.657869666814804,0.0,1.9205941094292535e-07,45.0
0.09107964056864049,0.4538223445415497,0.0,0.000904238224029541,15.0
0.1449157478226688,0.36176052689552307,0.0,0.0046063423156738285,15.0
0.07519595641031529,0.13077884912490845,0.0,0.015090999570111889,15.0
0.0740144731415775,1.7616687715053558,0.0,1.1932849884033202e-05,15.0
0.012403536023047224,1.1507734060287476,0.0,0.003545824686686198,15.0
0.22077898997202183,2.4305832386016846,0.0,2.5033950805664064e-07,15.0
0.024595248879339948,1.9144368171691895,0.0,0.0026346484820048014,15.0
0.1552888037575748,0.32733452320098877,0.0,0.004866548379262288,15.0
0.06150703448190953,1.569956213235855,0.0,0.00031641324361165367,15.0
0.12331842202081944,0.41108056902885437,0.0,0.003166520595550537,15.0
0.15782271641626622,1.1326382756233215,0.0,8.449951807657878e-06,30.0
0.01611845511331822,2.624568745493889,0.0,0.0001729408899943034,15.0
0.036032128514197126,0.6854887753725052,0.0,0.0029956897099812827,15.0
0.17285602110758091,2.5118686109781265,0.0,3.973642985026042e-07,30.0
0.059757995785620466,1.6199927628040314,0.0,0.0001677870750427246,15.0
0.14844082611933018,0.33721791207790375,0.0,0.004314657052357992,15.0
0.14844082611933018,0.33721791207790375,0.0,0.004314657052357992,15.0
0.04813139456644322,0.2022021859884262,0.0,0.013286695447187084,15.0
0.049805152596380964,0.6869917511940002,0.0,0.0010083476702372233,15.0
0.08230345267191197,0.1058521568775177,0.0,0.015564832654218335,15.0
0.00988988894357945,2.727684572339058,0.0,0.0003220955530802409,15.0
0.013498830975439802,2.6656630486249924,0.0,0.00011289517084757487,15.0
0.04909234064951207,2.5649236738681793,0.0,2.0233790079752603e-05,15.0
0.12586443442240025,1.5067033916711807,0.0,5.056460698445638e-06,60.0
0.04631375092401768,0.7012984156608582,0.0,0.0012411077817281087,15.0
0.16781251448526646,0.2571592628955841,0.0,0.010632718387554316,30.0
0.10369877833261754,0.43012838065624237,0.0,0.0022666335105895998,15.0
0.015617716492560163,1.0915590524673462,0.0,0.005559558454464107,30.0
0.09988944548502232,1.9113541096448898,0.0,4.450480143229167e-07,15.0
0.12547616976633336,1.3809151202440262,0.0,1.8890698750813802e-05,15.0
0.09376894253626133,0.44591255486011505,0.0,0.001148855686187744,15.0
0.0170083524598148,1.1463758945465088,0.0,0.0037729541460673013,15.0
0.04616801756754185,1.7810931205749512,0.0,0.0012563467025756836,15.0
0.03519414681329991,1.6836733669042587,0.0,0.0031420667966206867,15.0
0.07742064017191197,1.6576379090547562,0.0,2.1354357401529947e-05,15.0
0.023033726395514265,1.9098730832338333,0.0,0.0028505961100260416,15.0
0.016391265572455183,1.1388930678367615,0.0,0.003788141409556071,15.0
0.006362247647192731,1.1257906556129456,0.0,0.005251042826285192,30.0
0.06152563113107945,1.5700667798519135,0.0,0.00031517346700032554,15.0
0.1460606338395145,0.34073610603809357,0.0,0.00480870008468628,15.0
0.018560338200476423,1.9746307283639908,0.0,0.0011262734731038412,15.0
0.15742449778452183,0.2961820214986801,0.0,0.010286451164196162,30.0
0.005285251320746198,2.227252557873726,0.0,0.0005712707837422689,15.0
0.03792225140466954,1.7494381368160248,0.0,0.0021457235018412274,15.0
0.14847706574335362,0.32341034710407257,0.0,0.0053653717041015625,15.0
0.07631360310449864,0.555802658200264,0.0,3.8564205169677734e-05,15.0
0.16957573908701207,1.154754787683487,0.0,1.7770131429036458e-05,15.0
0.014564562024023786,1.1084465980529785,0.0,0.005524453305512894,30.0
0.08568506258859898,0.47906018793582916,0.0,0.0005272269248962402,15.0
0.0671034337891605,0.6014859527349472,0.0,9.364684422810873e-05,15.0
0.013463306607153669,2.6788594871759415,0.0,0.00011585553487141927,15.0
0.05755858439340855,1.6952601373195648,0.0,1.2783209482828776e-05,15.0
0.13543360251322056,3.355362683534622,0.0,2.384185791015625e-07,15.0
0.12040411251917149,0.42965398728847504,0.0,0.003387272357940674,15.0
0.12174819725885655,0.3902329057455063,0.0,0.0032854557037353517,15.0
0.17791025656595494,1.1860158741474152,0.0,3.532568613688151e-06,15.0
0.18085639494791295,0.7351982444524765,0.0,1.241763432820638e-05,15.0
0.16781251448526646,0.2571592628955841,0.0,0.010632718387554316,30.0
0.07519595641031529,0.13077884912490845,0.0,0.015090999570111889,15.0
0.074903595627692,0.5186848491430283,0.0,0.0004250963528951009,15.0
0.05240039843454625,0.6417687088251114,0.0,0.0019044717152913412,15.0
0.01612542885675694,2.626226708292961,0.0,0.00017237265904744467,15.0
0.1449157478226688,0.36176052689552307,0.0,0.0046063423156738285,15.0
0.03461663741007115,1.7108239233493805,0.0,0.003093719482421875,15.0
0.12331842202081944,0.41108056902885437,0.0,0.003166520595550537,15.0
0.04336868542566563,0.6382376700639725,0.0,0.002506585915883382,15.0
0.15650628823175694,0.3125692456960678,0.0,0.010255844179103999,30.0
0.015617716492560163,1.0915590524673462,0.0,0.005559558454464107,30.0
0.17632745522394444,1.4690651148557663,0.0,4.061063130696615e-06,15.0
0.03254597205057408,2.1110029965639114,0.0,0.00012796719868977865,15.0
0.05158959645166661,0.5925527215003967,0.0,0.0021132787068684896,15.0
0.04704694765939976,0.2689654529094696,0.0,0.01321439898671752,15.0
0.043432402790930524,0.618549183011055,0.0,0.0025242090225219725,15.0
0.034165668667700544,1.9284381717443466,0.0,0.0018324971199035645,15.0
0.0190719248665836,1.1374459266662598,0.0,0.003966852029164632,15.0
0.14404861945047642,0.3726428598165512,0.0,0.004677208264668783,15.0
7.833224401210259e-05,2.482653930783272,0.0,0.00336992343266805,45.0
0.027555751980688825,2.2671146392822266,0.0,0.000288089116414388,15.0
0.029691326798346296,2.2987061738967896,0.0,0.00011005004247029622,15.0
0.0050758836852047295,1.7315841913223267,0.0,0.0009971519311269125,30.0
0.038761246384527936,1.873788520693779,0.0,0.0016776522000630696,15.0
0.06414376515283848,0.6277479231357574,0.0,0.0003634174664815267,15.0
0.13543092030420567,3.439868062734604,0.0,7.947285970052083e-09,15.0
0.07759343403711583,0.12452562153339386,0.0,0.015250831411898591,15.0
0.041105556668188825,1.8889128118753433,0.0,0.0008416056632995605,15.0
0.038900005997565046,1.873061940073967,0.0,0.0016892353693644206,15.0
0.0029069898711178155,2.7466097325086594,0.0,0.0010964552561442058,15.0
0.02077238577738072,1.9700560718774796,0.0,0.0009788036346435546,15.0
0.1221901060952213,0.38402704894542694,0.0,0.0032519936561584474,15.0
0.011853325547125593,1.162581205368042,0.0,0.0035091439882914224,15.0
0.02672718781366612,1.885491594672203,0.0,0.002813128630320231,15.0
0.041487682045843854,1.843908116221428,0.0,0.0008734623591105143,15.0
0.016433644474890485,1.9947382360696793,0.0,0.0012680530548095704,15.0
0.0016605971442196221,3.0180313885211945,0.0,0.00012505054473876953,15.0
0.18095086830988194,0.7347036600112915,0.0,6.1194101969401044e-06,15.0
0.17484806794061925,2.909482106566429,0.0,3.6557515462239586e-07,15.0
0.04558907765283848,1.815493419766426,0.0,0.0012154102325439454,15.0
0.10369877833261754,0.43012838065624237,0.0,0.0022666335105895998,15.0
0.12174819725885655,0.3902329057455063,0.0,0.0032854557037353517,15.0
0.0015874622450802178,2.985398828983307,0.0,0.00029958486557006835,15.0
0.039407956780340925,0.6846766322851181,0.0,0.001391271750132243,15.0
0.12547616976633336,1.3809151202440262,0.0,1.8890698750813802e-05,15.0
0.039407956780340925,0.6846766322851181,0.0,0.001391271750132243,15.0
0.06910775917902257,0.5807062387466431,0.0,0.0002784927686055501,15.0
0.07795392292871739,1.6018728166818619,0.0,2.311070760091146e-05,15.0
0.004312741936590925,2.3554362803697586,0.0,0.004007555378807916,45.0
0.0008836271180179267,2.8675973266363144,0.0,0.001458585262298584,15.0
0.00912152546777989,2.8426735550165176,0.0,0.0003542780876159668,15.0
0.174853968800452,2.760781690478325,0.0,2.662340799967448e-07,15.0
0.10535894650354649,0.43256039917469025,0.0,0.002130524317423503,15.0
0.06910775917902257,0.5807062387466431,0.0,0.0002784927686055501,15.0
0.027007568062689558,1.8326341062784195,0.0,0.0028365929921468098,15.0
0.035363483609106794,1.8114817589521408,0.0,0.0019997239112854006,15.0
0.05916314143076207,0.5600281357765198,0.0,0.0015629212061564128,15.0
0.014564562024023786,1.1084465980529785,0.0,0.005524453305512894,30.0
0.1221901060952213,0.38402704894542694,0.0,0.0032519936561584474,15.0
0.0170083524598148,1.1463758945465088,0.0,0.0037729541460673013,15.0
0.026347446621802106,2.2842684984207153,0.0,0.00038884480794270835,15.0
0.027225721062567487,1.9203512519598007,0.0,0.0024645050366719564,15.0
6.629210576747369e-05,3.046111077070236,0.0,0.00152204434076945,15.0
0.025150644959357038,1.887276142835617,0.0,0.002681132157643636,15.0
0.06879763621225621,0.5942631214857101,0.0,0.00024458169937133787,15.0
0.04961018580332066,0.6009599566459656,0.0,0.0022452394167582195,15.0
0.0016605971442196221,3.0180313885211945,0.0,0.00012505054473876953,15.0
0.06298749464884068,0.6141762286424637,0.0,0.000368042786916097,15.0
0.14404861945047642,0.3726428598165512,0.0,0.004677208264668783,15.0
0.14232026356592442,1.4416854977607727,0.0,1.434783140818278e-05,60.0
0.05372630375757481,1.8443739712238312,0.0,0.0006676157315572103,15.0
0.0008581163300540595,2.375377044081688,0.0,0.0019758065541585286,15.0
0.13545207995310093,3.18376561999321,0.0,2.940495808919271e-07,15.0
0.006362247647192731,1.1257906556129456,0.0,0.005251042826285192,30.0
0.1460606338395145,0.34073610603809357,0.0,0.00480870008468628,15.0
0.008761990250494733,2.0941747575998306,0.0,0.0006258447964986165,15.0
0.04919784087076451,0.6643020808696747,0.0,0.0021032929420471192,15.0
0.008885252655890241,1.1723511815071106,0.0,0.004723668098449707,15.0
0.07419090289011265,1.7158734053373337,0.0,2.7934710184733073e-06,15.0
0.15742449778452183,0.2961820214986801,0.0,0.010286451164196162,30.0
0.07844899910822178,0.11799004673957825,0.0,0.015307869083305654,15.0
0.004767131625268206,2.461584135890007,0.0,0.0015049457550048828,15.0
0.0010247709168460517,2.9490425288677216,0.0,0.000495298703511556,15.0
0.14280830639734532,0.346701443195343,0.0,0.004778520266215006,15.0
0.12589149493112828,1.5065634101629257,0.0,5.507469177246094e-06,60.0
0.14311163443460728,1.4809934049844742,0.0,5.269050598144532e-06,60.0
0.011853325547125593,1.162581205368042,0.0,0.0035091439882914224,15.0
0.05372630375757481,1.8443739712238312,0.0,0.0006676157315572103,15.0
0.16669945734873082,0.2626924514770508,0.0,0.01059561648300313,30.0
0.04573731440439488,0.6595403105020523,0.0,0.002318080266316732,15.0
0.019200015248205915,2.8175721764564514,0.0,2.6766459147135416e-05,15.0
0.0594660522355106,0.5591012835502625,0.0,0.0015881816546122233,15.0
0.02211349028482701,1.9581658393144608,0.0,0.00242689847946167,15.0
0.045096504868414655,1.9021962881088257,0.0,0.0007235566775004069,15.0
0.17637710589304234,1.4621090441942215,0.0,7.510185241699219e-07,15.0
0.011625456990149274,2.6783714592456818,0.0,0.00021820068359375,15.0
0.09376894253626133,0.44591255486011505,0.0,0.001148855686187744,15.0
0.04663937109842564,0.6082160919904709,0.0,0.0023935755093892415,15.0
0.0005653617964718194,2.967732787132263,0.0,0.0003814498583475749,15.0
0.16924350279703404,1.1560940444469452,0.0,4.378954569498698e-06,15.0
0.029691326798346296,2.2987061738967896,0.0,0.00011005004247029622,15.0
0.14465324896707799,0.3464018255472183,0.0,0.004714874426523844,15.0
0.0003608943833377509,2.382180377840996,0.0,0.0019341746966044107,15.0
0.016619610966589704,1.9857805520296097,0.0,0.0007958491643269857,15.0
0.07549320477381016,0.49676942825317383,0.0,0.00047425031661987307,15.0
0.05537675637140538,2.047958105802536,0.0,0.00011667013168334961,15.0
0.016619610966589704,1.9857805520296097,0.0,0.0007958491643269857,15.0
0.04953246134653355,2.3265370577573776,0.0,1.6450881958007812e-05,15.0
0.034071016491797224,1.8656372725963593,0.0,0.0018919666608174643,15.0
0.007164549647423968,2.9013138115406036,0.0,1.1030832926432291e-05,15.0
0.033241975487616315,2.075617030262947,0.0,0.0001859863599141439,15.0
0.06298749464884068,0.6141762286424637,0.0,0.000368042786916097,15.0
0.1354529144181278,3.354763001203537,0.0,2.1855036417643228e-07,15.0
0.17637710589304234,1.4621090441942215,0.0,7.510185241699219e-07,15.0
0.0776036860360172,0.1240173727273941,0.0,0.015251514878492016,15.0
0.005436468304541364,2.738557666540146,0.0,0.0004244724909464518,15.0
0.00995324868097569,2.3473282903432846,0.0,0.00044725735982259116,15.0
0.048804152192023054,2.442779317498207,0.0,4.427035649617513e-05,15.0
0.03861122149362828,0.6759210377931595,0.0,0.0023368438084920245,15.0
0.0015874622450802178,2.985398828983307,0.0,0.00029958486557006835,15.0
0.13545446413889195,3.3339993059635162,0.0,6.357828776041667e-08,15.0
0.0061098815812137275,2.8024969696998596,0.0,0.00036809444427490237,15.0
0.006137180508520856,2.8626913130283356,0.0,0.0003658135732014974,15.0
0.0015886904610660224,2.9286627620458603,0.0,0.0001368284225463867,15.0
0.17748885172739293,1.3808308690786362,0.0,1.3192494710286458e-06,15.0
0.0548651697052982,1.9302648305892944,0.0,0.00022472143173217772,15.0
0.07631360310449864,0.555802658200264,0.0,3.8564205169677734e-05,15.0
0.026347446621802106,2.2842684984207153,0.0,0.00038884480794270835,15.0
0.008825349987890974,2.361059918999672,0.0,0.0003690600395202637,15.0
0.008761990250494733,2.0941747575998306,0.0,0.0006258447964986165,15.0
0.14313762205972935,1.4352756887674332,0.0,7.251898447672526e-07,60.0
0.025150644959357038,1.887276142835617,0.0,0.002681132157643636,15.0
0.04907112139597203,2.5625031739473343,0.0,2.2002061208089192e-05,15.0
0.0554256321801212,2.019275724887848,0.0,0.00011258522669474283,15.0
0.008381616889092669,2.864762246608734,0.0,0.0003043214480082194,15.0
0.03802441376581456,0.6783643811941147,0.0,0.0022961298624674478,15.0
0.013273644627478376,2.384007379412651,0.0,0.0002487341562906901,15.0
0.03542046564951207,2.0333305448293686,0.0,0.0003627936045328776,15.0
0.02211349028482701,1.9581658393144608,0.0,0.00242689847946167,15.0
0.14280830639734532,0.346701443195343,0.0,0.004778520266215006,15.0
0.1354524375809696,3.203042984008789,0.0,2.702077229817708e-07,15.0
7.833224401210259e-05,2.482653930783272,0.0,0.00336992343266805,45.0
0.001693773449805036,2.821967303752899,0.0,0.0009760141372680664,15.0
0.03372900504007603,1.9382005482912064,0.0,0.0014220118522644044,15.0
0.17285614031687047,2.4027040749788284,0.0,3.894170125325521e-07,30.0
0.027555751980688825,2.2671146392822266,0.0,0.000288089116414388,15.0
0.07549320477381016,0.49676942825317383,0.0,0.00047425031661987307,15.0
0.0031340004815127998,2.817478284239769,0.0,0.00047167936960856117,15.0
0.05240039843454625,0.6417687088251114,0.0,0.0019044717152913412,15.0
0.04412542599573399,1.9518353641033173,0.0,0.0006379286448160807,15.0
0.00993411559000279,2.7825732231140137,0.0,0.0003184000651041667,15.0
0.014281201542761579,2.3596994131803513,0.0,0.00023505687713623046,15.0
0.00026671904459263374,2.886760339140892,0.0,0.0027281145254770913,60.0
0.074903595627692,0.5186848491430283,0.0,0.0004250963528951009,15.0
0.06095509547128941,1.8541611731052399,0.0,3.7749608357747397e-06,15.0
0.06414376515283848,0.6277479231357574,0.0,0.0003634174664815267,15.0
0.032962012471106306,2.0608786791563034,0.0,0.0007076660792032877,15.0
0.1728560807122257,2.4126287549734116,0.0,3.516674041748047e-07,30.0
0.03475968855753209,1.902801275253296,0.0,0.0015079538027445475,15.0
0.05158959645166661,0.5925527215003967,0.0,0.0021132787068684896,15.0
0.03461663741007115,1.7108239233493805,0.0,0.003093719482421875,15.0
0.035739648522284284,1.8954157531261444,0.0,0.0018667260805765788,15.0
0.03181366938486363,0.31265491247177124,0.0,0.012198847101748445,15.0
0.03082172888651158,1.935337707400322,0.0,0.0020554264386494956,15.0
0.04412542599573399,1.9518353641033173,0.0,0.0006379286448160807,15.0
0.04594080466165806,0.6273127943277359,0.0,0.0023351113001505532,15.0
0.03018229025736119,2.292753040790558,0.0,6.909767786661784e-05,15.0
0.14311163443460728,1.4809934049844742,0.0,5.269050598144532e-06,60.0
0.015438306511786237,2.0660237818956375,0.0,0.0008649309476216634,15.0
0.04928939360513951,2.5460638254880905,0.0,3.8027763366699217e-06,15.0
0.030957210244086042,0.31592363119125366,0.0,0.012141749825696605,15.0
0.13538478630914952,3.302556201815605,0.0,2.662340799967448e-07,15.0
0.035363483609106794,1.8114817589521408,0.0,0.0019997239112854006,15.0
0.03342078942194249,1.9110964238643646,0.0,0.0018377423286437989,15.0
0.01916478890314366,2.770791009068489,0.0,2.9818216959635416e-05,15.0
0.002850103558447614,2.840640887618065,0.0,0.0004954417546590169,15.0
0.135453391255286,3.3183867782354355,0.0,1.7484029134114582e-07,15.0
0.049323725880530134,2.497964099049568,0.0,9.298324584960937e-07,15.0
0.041487682045843854,1.843908116221428,0.0,0.0008734623591105143,15.0
8.158701792027045e-05,2.9646650552749634,0.0,0.0004245797793070475,15.0
0.04611932057276036,1.8541557043790817,0.0,0.0007109920183817546,15.0
0.22078250664606358,2.3142277002334595,0.0,1.4702479044596355e-07,15.0
0.05582969206705357,2.0007969439029694,0.0,0.00015691916147867838,15.0
0.01102577465906407,2.757094234228134,0.0,0.0003190755844116211,15.0
0.03524081725015904,1.8283208459615707,0.0,0.0019894917805989582,15.0
0.03538452404871251,2.033089578151703,0.0,0.00036462148030598957,15.0
0.03223912733927037,2.061917468905449,0.0,0.0007558584213256836,15.0
0.03694401997461583,1.9578671306371689,0.0,0.0004946430524190267,15.0
0.07774757164850499,1.6137923151254654,0.0,5.908807118733724e-06,15.0
3.8029564883856892e-06,3.2224021553993225,0.0,0.0015174110730489096,15.0
0.2207834007157352,2.242463394999504,0.0,2.5033950805664064e-07,15.0
0.03082172888651158,1.935337707400322,0.0,0.0020554264386494956,15.0
0.045096504868414655,1.9021962881088257,0.0,0.0007235566775004069,15.0
0.005269932927038923,2.8791697323322296,0.0,0.00043839613596598307,15.0
0.05916314143076207,0.5600281357765198,0.0,0.0015629212061564128,15.0
0.035739648522284284,1.8954157531261444,0.0,0.0018667260805765788,15.0
0.13545565623178746,3.2648659497499466,0.0,2.384185791015625e-08,15.0
0.00587980765238072,2.7747406661510468,0.0,0.0003873586654663086,15.0
0.135455775441077,3.250084698200226,0.0,4.3710072835286455e-08,15.0
0.012857544602301374,2.734755739569664,0.0,0.00016635656356811523,15.0
0.13545053023233677,3.1963352113962173,0.0,4.1325887044270835e-07,15.0
0.041105556668188825,1.8889128118753433,0.0,0.0008416056632995605,15.0
0.03926538247003819,1.8614357560873032,0.0,0.0018836061159769695,15.0
0.0012023927582767158,2.941612869501114,0.0,0.00048043727874755857,15.0
0.07806878107919957,0.5100554376840591,0.0,1.947482426961263e-05,15.0
0.02732436674967076,2.2912895381450653,0.0,0.0003073891003926595,15.0
0.1354562522782352,3.2389267086982727,0.0,9.139378865559896e-08,15.0
0.03223912733927037,2.061917468905449,0.0,0.0007558584213256836,15.0
0.032761085213568464,2.0727607756853104,0.0,0.00021804571151733397,15.0
0.010706532181647077,2.8258815556764603,0.0,0.00014127095540364583,15.0
0.05537675637140538,2.047958105802536,0.0,0.00011667013168334961,15.0
0.0019832732094791083,2.910572111606598,0.0,0.00010381539662679037,15.0
0.030520248593237653,0.3176046907901764,0.0,0.012112619048973379,15.0
0.00021700877084995795,2.9135541319847107,0.0,0.0014996290206909179,15.0
0.023033726395514265,1.9098730832338333,0.0,0.0028505961100260416,15.0
0.1779081704033878,1.1838691979646683,0.0,3.850460052490234e-06,15.0
0.04599629658594395,0.6182461082935333,0.0,0.002339748541514079,15.0
0.01687752026453282,2.46145561337471,0.0,4.1317939758300784e-05,15.0
0.22078304308786656,2.2535069435834885,0.0,1.9073486328125e-07,15.0
0.14847706574335362,0.32341034710407257,0.0,0.0053653717041015625,15.0
0.010706532181647077,2.8258815556764603,0.0,0.00014127095540364583,15.0
0.05675272959604527,1.9087160527706146,0.0,6.866455078125e-05,15.0
0.00995324868097569,2.3473282903432846,0.0,0.00044725735982259116,15.0
0.03673117178812291,2.0029155164957047,0.0,0.0004769007364908854,15.0
0.0594660522355106,0.5591012835502625,0.0,0.0015881816546122233,15.0
0.13545416611566807,3.235688030719757,0.0,9.5367431640625e-08,15.0
0.04383318442240025,1.9543244242668152,0.0,0.0006121555964152018,15.0
0.0028158308877017646,2.833164155483246,0.0,0.0006438215573628743,15.0
0.02239899653330113,2.3248525708913803,0.0,0.0002808094024658203,15.0
0.05666725653543736,1.9329445213079453,0.0,7.575750350952148e-05,15.0
0.013497579277899519,2.2723293900489807,0.0,0.0004562894503275553,15.0
0.03937892931833531,1.9416410624980927,0.0,0.0006976524988810221,15.0
0.043701219738867536,0.6624279767274857,0.0,0.0024538199106852216,15.0
0.0548651697052982,1.9302648305892944,0.0,0.00022472143173217772,15.0
0.048804152192023054,2.442779317498207,0.0,4.427035649617513e-05,15.0
0.13545154351129796,3.1871048659086227,0.0,3.2981236775716145e-07,15.0
0.008885252655890241,1.1723511815071106,0.0,0.004723668098449707,15.0
0.00912152546777989,2.8426735550165176,0.0,0.0003542780876159668,15.0
0.013302314461615339,2.3809913247823715,0.0,0.00025119781494140623,15.0
0.03377287405863072,1.9344891607761383,0.0,0.0014256596565246581,15.0
0.0031340004815127998,2.817478284239769,0.0,0.00047167936960856117,15.0
0.005255866230871931,2.8792910873889923,0.0,0.0004395723342895508,15.0
0.06879763621225621,0.5942631214857101,0.0,0.00024458169937133787,15.0
0.04131006020441319,2.009721875190735,0.0,0.00038865009943644203,15.0
0.03535031098261143,1.8164803087711334,0.0,0.0019986232121785483,15.0
0.004561352909949079,2.8928583562374115,0.0,0.00019928614298502604,15.0
0.049275088490393415,2.534029006958008,0.0,4.994869232177734e-06,15.0
0.04928939360513951,2.5460638254880905,0.0,3.8027763366699217e-06,15.0
0.049684989632513776,2.3247908651828766,0.0,2.9166539510091145e-05,15.0
0.016433644474890485,1.9947382360696793,0.0,0.0012680530548095704,15.0
0.001944768608954206,2.917392775416374,0.0,0.00010702212651570638,15.0
0.038900005997565046,1.873061940073967,0.0,0.0016892353693644206,15.0
0.13545446413889195,3.3339993059635162,0.0,6.357828776041667e-08,15.0
0.1354531528367069,3.3220143765211105,0.0,1.9073486328125e-07,15.0
0.0491617800606754,2.522707462310791,0.0,1.4452139536539714e-05,15.0
0.05582969206705357,2.0007969439029694,0.0,0.00015691916147867838,15.0
0.0012148501290347724,2.9433349072933197,0.0,0.0004793842633565267,15.0
0.007164549647423968,2.9013138115406036,0.0,1.1030832926432291e-05,15.0
0.16924350279703404,1.1560940444469452,0.0,4.378954569498698e-06,15.0
0.0190719248665836,1.1374459266662598,0.0,0.003966852029164632,15.0
0.030957210244086042,0.31592363119125366,0.0,0.012141749825696605,15.0
0.05650525111093785,1.692921757698059,0.0,0.00010060469309488932,15.0
0.15782271641626622,1.1326382756233215,0.0,8.449951807657878e-06,30.0
0.13542901295557286,3.451096147298813,0.0,1.629193623860677e-07,15.0
0.015438306511786237,2.0660237818956375,0.0,0.0008649309476216634,15.0
0.04666774290933873,0.6081292927265167,0.0,0.0023959477742513022,15.0
0.009825456322577253,2.349178358912468,0.0,0.0004384040832519531,15.0
0.012897002877142683,2.7432802468538284,0.0,0.00016305049260457357,15.0
0.135455775441077,3.250084698200226,0.0,4.3710072835286455e-08,15.0
0.13545172232523228,3.284673660993576,0.0,3.178914388020833e-07,15.0
0.08568506258859898,0.47906018793582916,0.0,0.0005272269248962402,15.0
0.13545345085993077,3.295795351266861,0.0,1.629193623860677e-07,15.0
0.04884271639719273,2.5043078809976578,0.0,4.104773203531901e-05,15.0
0.0024983169449832587,2.864336758852005,0.0,0.0006704092025756836,15.0
0.02672718781366612,1.885491594672203,0.0,0.002813128630320231,15.0
0.22078304308786656,2.2535069435834885,0.0,1.9073486328125e-07,15.0
0.13545100706949498,3.2834321409463882,0.0,3.894170125325521e-07,15.0
0.03937892931833531,1.9416410624980927,0.0,0.0006976524988810221,15.0
0.0058703305138614326,2.7728531062602997,0.0,0.0003881573677062988,15.0
0.17485283631220128,2.791701525449753,0.0,1.6689300537109374e-07,15.0
0.0554256321801212,2.019275724887848,0.0,0.00011258522669474283,15.0
0.03147141951456334,2.741837590932846,0.0,4.0312608083089195e-05,15.0
0.04383318442240025,1.9543244242668152,0.0,0.0006121555964152018,15.0
0.22078250664606358,2.3142277002334595,0.0,1.4702479044596355e-07,15.0
0.17285614031687047,2.4027040749788284,0.0,3.894170125325521e-07,30.0
0.2207795860184696,2.432299941778183,0.0,2.106030782063802e-07,15.0
0.04881750363245274,2.451779082417488,0.0,4.314978917439778e-05,15.0
0.06095509547128941,1.8541611731052399,0.0,3.7749608357747397e-06,15.0
0.07405196446314122,1.7408927828073502,0.0,8.805592854817708e-06,15.0
0.07830022591486241,0.5023654997348785,0.0,0.00012709299723307293,15.0
0.0024983169449832587,2.864336758852005,0.0,0.0006704092025756836,15.0
0.07404236811533238,1.7582678943872452,0.0,9.604295094807942e-06,15.0
0.0014427186860110908,2.9155585169792175,0.0,0.0004603226979573568,15.0
0.0941916586770084,0.448744535446167,0.0,0.0011117060979207356,15.0
0.034165668667700544,1.9284381717443466,0.0,0.0018324971199035645,15.0
0.1354526759995487,3.273671329021454,0.0,2.3444493611653645e-07,15.0
0.17750387209787633,1.377254232764244,0.0,3.178914388020833e-07,15.0
0.04573731440439488,0.6595403105020523,0.0,0.002318080266316732,15.0
0.049323725880530134,2.497964099049568,0.0,9.298324584960937e-07,15.0
0.04916446226969029,2.4507999569177628,0.0,1.4241536458333334e-05,15.0
0.033241975487616315,2.075617030262947,0.0,0.0001859863599141439,15.0
0.07830022591486241,0.5023654997348785,0.0,0.00012709299723307293,15.0
0.07405196446314122,1.7408927828073502,0.0,8.805592854817708e-06,15.0
0.01899807471170689,2.818336248397827,0.0,1.3303756713867187e-05,15.0
0.008381616889092669,2.864762246608734,0.0,0.0003043214480082194,15.0
0.04340105074777867,0.6331184208393097,0.0,0.002509291966756185,15.0
0.07795410174265172,0.5113229155540466,0.0,2.920230229695638e-05,15.0
0.0778785826577213,1.6090277880430222,0.0,1.6844272613525392e-05,15.0
0.17485283631220128,2.791701525449753,0.0,1.6689300537109374e-07,15.0
0.16957573908701207,1.154754787683487,0.0,1.7770131429036458e-05,15.0
0.004561352909949079,2.8928583562374115,0.0,0.00019928614298502604,15.0
0.13545470255747105,3.2653491646051407,0.0,5.960464477539063e-08,15.0
0.0005653617964718194,2.967732787132263,0.0,0.0003814498583475749,15.0
0.03802441376581456,0.6783643811941147,0.0,0.0022961298624674478,15.0
0.011049854935553327,2.810025617480278,0.0,0.00017002026240030925,15.0
0.05638473051920201,1.9702438116073608,0.0,0.00011064608891805013,15.0
0.046156990708258405,1.8560314327478409,0.0,0.0007078448931376139,15.0
0.022233891667273298,2.3486904352903366,0.0,0.0002951224644978841,15.0
0.01919620055094029,2.8082728683948517,0.0,2.70843505859375e-05,15.0
0.014534282864477888,2.0049474984407425,0.0,0.0011090675989786783,15.0
0.011265862168219343,2.7446806579828262,0.0,0.0001880963643391927,15.0
0.17484836596384312,2.89455483853817,0.0,3.3775965372721356e-07,15.0
0.16669945734873082,0.2626924514770508,0.0,0.01059561648300313,30.0
0.013273644627478376,2.384007379412651,0.0,0.0002487341562906901,15.0
0.046968686760809675,0.29010894894599915,0.0,0.01320918159347818,15.0
0.1354526759995487,3.273671329021454,0.0,2.3444493611653645e-07,15.0
0.04704694765939976,0.2689654529094696,0.0,0.01321439898671752,15.0
0.05675272959604527,1.9087160527706146,0.0,6.866455078125e-05,15.0
0.04131006020441319,2.009721875190735,0.0,0.00038865009943644203,15.0
0.07795392292871739,1.6018728166818619,0.0,2.311070760091146e-05,15.0
0.03524081725015904,1.8283208459615707,0.0,0.0019894917805989582,15.0
0.03926538247003819,1.8614357560873032,0.0,0.0018836061159769695,15.0
0.013497579277899519,2.2723293900489807,0.0,0.0004562894503275553,15.0
0.0028158308877017646,2.833164155483246,0.0,0.0006438215573628743,15.0
0.04666774290933873,0.6081292927265167,0.0,0.0023959477742513022,15.0
0.05652903336420323,1.9575951099395752,0.0,9.861389795939128e-05,15.0
0.009825456322577253,2.349178358912468,0.0,0.0004384040832519531,15.0
0.011102485836889997,2.746060684323311,0.0,0.00017441908518473309,15.0
0.0491617800606754,2.522707462310791,0.0,1.4452139536539714e-05,15.0
0.17484931963815953,2.83159302175045,0.0,2.0265579223632812e-07,15.0
0.014281201542761579,2.3596994131803513,0.0,0.00023505687713623046,15.0
0.04918544310465123,2.5295707136392593,0.0,1.2461344401041666e-05,15.0
0.02077238577738072,1.9700560718774796,0.0,0.0009788036346435546,15.0
0.15755598563089634,1.1339204609394073,0.0,1.7340977986653646e-05,30.0
0.001693773449805036,2.821967303752899,0.0,0.0009760141372680664,15.0
0.0008581163300540595,2.375377044081688,0.0,0.0019758065541585286,15.0
0.04884271639719273,2.5043078809976578,0.0,4.104773203531901e-05,15.0
0.03126399535074498,2.74531427025795,0.0,2.2892157236735026e-05,15.0
0.13545345085993077,3.295795351266861,0.0,1.629193623860677e-07,15.0
0.1354564906968143,3.201442003250122,0.0,9.139378865559896e-08,15.0
0.05638473051920201,1.9702438116073608,0.0,0.00011064608891805013,15.0
0.030234861554053083,2.2913617193698883,0.0,6.473461786905924e-05,15.0
0.07759343403711583,0.12452562153339386,0.0,0.015250831411898591,15.0
0.03694401997461583,1.9578671306371689,0.0,0.0004946430524190267,15.0
0.04961018580332066,0.6009599566459656,0.0,0.0022452394167582195,15.0
0.07414858359232213,1.7527123540639877,0.0,7.62939453125e-07,15.0
0.043401229561712995,0.6333279311656952,0.0,0.0025092800458272296,15.0
0.14465324896707799,0.3464018255472183,0.0,0.004714874426523844,15.0
0.043701219738867536,0.6624279767274857,0.0,0.0024538199106852216,15.0
0.1562602998627689,0.32062484323978424,0.0,0.010247644566804399,30.0
0.12586443442240025,1.5067033916711807,0.0,5.056460698445638e-06,60.0
0.0778785826577213,1.6090277880430222,0.0,1.6844272613525392e-05,15.0
0.07419090289011265,1.7158734053373337,0.0,2.7934710184733073e-06,15.0
0.032761085213568464,2.0727607756853104,0.0,0.00021804571151733397,15.0
0.014534282864477888,2.0049474984407425,0.0,0.0011090675989786783,15.0
0.03673117178812291,2.0029155164957047,0.0,0.0004769007364908854,15.0
0.049275088490393415,2.534029006958008,0.0,4.994869232177734e-06,15.0
0.00543277281656529,2.7415079325437546,0.0,0.00042477846145629885,15.0
0.13542907256021763,3.4426146000623703,0.0,1.5099843343098958e-07,15.0
0.006137180508520856,2.8626913130283356,0.0,0.0003658135732014974,15.0
0.04599629658594395,0.6182461082935333,0.0,0.002339748541514079,15.0
0.032962012471106306,2.0608786791563034,0.0,0.0007076660792032877,15.0
0.03112946766748692,2.818759471178055,0.0,1.169443130493164e-05,15.0
0.04953246134653355,2.3265370577573776,0.0,1.6450881958007812e-05,15.0
0.030234861554053083,2.2913617193698883,0.0,6.473461786905924e-05,15.0
8.158701792027045e-05,2.9646650552749634,0.0,0.0004245797793070475,15.0
0.13542919176950718,3.447680577635765,0.0,1.430511474609375e-07,15.0
0.17484854477777745,2.9044984877109528,0.0,3.139177958170573e-07,15.0
0.07414858359232213,1.7527123540639877,0.0,7.62939453125e-07,15.0
0.012857544602301374,2.734755739569664,0.0,0.00016635656356811523,15.0
0.01102577465906407,2.757094234228134,0.0,0.0003190755844116211,15.0
0.04918544310465123,2.5295707136392593,0.0,1.2461344401041666e-05,15.0
0.03535031098261143,1.8164803087711334,0.0,0.0019986232121785483,15.0
0.04336868542566563,0.6382376700639725,0.0,0.002506585915883382,15.0
0.004767131625268206,2.461584135890007,0.0,0.0015049457550048828,15.0
